rid,work,lang,author,role,written
bdr:MW21939,bdr:WA3JT13481,,,no creator on the work,no
bdr:MW1PD159541,bdr:WA4PD1990,,,no creator on the work,no
bdr:MW3CN53,bdr:WA4PD1990,,,no creator on the work,no
bdr:MW1KG14,bdr:WA1KG14,,,no creator on the work,no
bdr:MW30199,bdr:WA30199,,,no creator on the work,no
bdr:MW2PD20866,bdr:WA2PD20866,,,no creator on the work,no
bdr:MW2PD17514,bdr:WA2PD17514,,,no creator on the work,no
bdr:MW3CN2409,bdr:WA3CN2409,,,no creator on the work,no
bdr:MW3KG230,bdr:WA1KG21014,,,no creator on the work,no
bdr:MW22096,bdr:WA22096,bo-x-ewts,gter bdag gling pa 'gyur med rdo rje/,main author,yes
bdr:MW3CN21680,bdr:WA15098,bo-x-ewts,dge rtse paN chen 'gyur med tshe dbang mchog grub/,main author,yes
bdr:MW23893,bdr:WA1PD45150,bo-x-ewts,zhabs dkar ba tshogs drug rang grol/,main author,yes
bdr:MW2PD17461,bdr:WA2PD17461,bo-x-ewts,mkhan chen pad+ma badz+ra/,main author,yes
bdr:MW1PD26799,bdr:WA1PD26799,bo-x-ewts,sprul sku tshul lo/,main author,yes
bdr:MW00KG03976,bdr:WA00KG03976,bo,འཇིགས་མེད་ཕུན་ཚོགས་འབྱུང་གནས།,main author,yes
bdr:MW2PD16917,bdr:WA2PD16917,bo-x-ewts,mkhan po a khyung /,requester,yes
bdr:MW8751,bdr:WA8751,bo-x-ewts,gter ston mchog gyur gling pa/,tertön,yes
bdr:MW3CN2967,bdr:WA3CN2967,bo-x-ewts,rig 'dzin hUM ral bdud 'dul/,tertön,yes
bdr:MW3PD1098,bdr:WA1KG4616,bo-x-ewts,spo bo gter ston bdud 'dul rdo rje/,tertön,yes
bdr:MW29031,bdr:WA29031,bo-x-ewts,ja bzi sprul sku pad+ma gar dbang gling pa/,tertön,yes
bdr:MW3CN7614,bdr:WA3CN7614,bo-x-ewts,rig 'dzin nyi ma grags pa/,tertön,yes
bdr:MW4PD1389,bdr:WA4PD1389,bo-x-ewts,gter chen 'bar ba'i rdo rje/,tertön,yes
bdr:MW2PD17477,bdr:WA2PD17459,bo-x-ewts,gter ston rin chen gling pa/,tertön,yes
bdr:MW23453,bdr:WA23453,bo-x-ewts,rig 'dzin rgod kyi ldem 'phru can/,tertön,yes
bdr:MW3CN21538,bdr:WA3CN21538,bo,གཏེར་སྟོན་པདྨ་ལས་འབྲེལ་རྩལ།,tertön,yes
bdr:MW22247,bdr:WA3CN4615,bo-x-ewts,myang nyi ma 'od zer/,tertön,yes
bdr:MW23618,bdr:WA23618,bo-x-ewts,kun mkhyen 'jigs med gling pa/,tertön,yes
bdr:MW12827,bdr:WA3CN501,bo-x-ewts,klong chen rab 'byams pa dri med 'od zer/,main author,yes
bdr:MW1KG13603,bdr:WA1KG13603,bo-x-ewts,mkhan po ngag dga',main author,yes
bdr:MW23760,bdr:WA23760,bo-x-ewts,klong chen rab 'byams pa dri med 'od zer/,main author,yes
bdr:MW1KG13017,bdr:WA1KG13017,bo-x-ewts,'ju mi pham 'jam dbyangs rnam rgyal rgya mtsho/,main author,yes
bdr:MW2KG201051,bdr:WA2KG201051,,,no creator on the work,no
bdr:MW1KG4313,bdr:WA1KG4313,,,no creator on the work,no
bdr:MW1KG13617,bdr:WA3KG737,bo-x-ewts,sga ston ngag dbang legs pa/ ngor mkhan chen 65 ngag dbang blo gros snying po/ ngor pa dpon slob blo gter dbang po/,compiler,yes
bdr:MW2PD14777,bdr:WA21295,,,no creator on the work,no
bdr:MW4PD3593,bdr:WA4PD3593,,,no creator on the work,no
bdr:MW1KG17189,bdr:WA1KG17189,,,no creator on the work,no
bdr:MW3CN751,bdr:WA3CN751,,,no creator on the work,no
bdr:MW3CN3019,bdr:WA1NLM597,,,no creator on the work,no
bdr:MW23635,bdr:WA23635,,,no creator on the work,no
bdr:MW1KG4312,bdr:WA1KG4312,,,no creator on the work,no
bdr:MW3CN15305,bdr:WA3CN15305,,,no creator on the work,no
bdr:MW4PD2084,bdr:WA4PD2084,,,no creator on the work,no
bdr:MW3CN12981,bdr:WA3CN12981,,,no creator on the work,no
bdr:MW3CN5138,bdr:WA3CN5138,,,no creator on the work,no
bdr:MW3CN13006,bdr:WA3CN13006,,,no creator on the work,no
bdr:MW3CN12210,bdr:WA3CN12210,,,no creator on the work,no
bdr:MW20749,bdr:WA20749,,,no creator on the work,no
bdr:MW20876,bdr:WA20876,,,no creator on the work,no
bdr:MW2KG200899,bdr:WA20876,,,no creator on the work,no
bdr:MW4PD1417,bdr:WA4PD1417,,,no creator on the work,no
bdr:MW4PD1386,bdr:WA4PD1386,,,no creator on the work,no
bdr:MW00JW501203,bdr:WA00JW501203,,,no creator on the work,no
bdr:MW23189,bdr:WA23189,,,no creator on the work,no
bdr:MW23792,bdr:WA23792,bo-x-ewts,myang nyi ma 'od zer/ gu ru chos dbang /,tertön,yes
bdr:MW3CN2232,bdr:WA3CN2232,,,no creator on the work,no
bdr:MW23779,bdr:WA23779,,,no creator on the work,no
bdr:MW23894,bdr:WA23894,,,no creator on the work,no
bdr:MW3CN12887,bdr:WA3CN12887,,,no creator on the work,no
bdr:MW3CN2221,bdr:WA3CN2221,,,no creator on the work,no
bdr:MW3CN2403,bdr:WA3CN2403,,,no creator on the work,no
bdr:MW3CN2409,bdr:WA3CN2409,,,no creator on the work,no
bdr:MW1PD166109,bdr:WA1PD166109,,,no creator on the work,no
bdr:MW3PD1288,bdr:WA3PD1288,,,no creator on the work,no
bdr:MW3CN477,bdr:WA8039,bo-x-ewts,karma pa 08 mi bskyod rdo rje/,main author,yes
bdr:MW3CN12559,bdr:WA3CN12559,,,no creator on the work,no
bdr:MW23930,bdr:WA23930,,,no creator on the work,no
bdr:MW8CZ113,bdr:WA8CZ113,,,no creator on the work,no
bdr:MW3CN18523,bdr:WA3CN18523,,,no creator on the work,no
bdr:MW4CZ355759,bdr:WA4CZ355759,,,no creator on the work,no
bdr:MW8LS16413,bdr:WA8LS16413,,,no creator on the work,no
bdr:MW23660,bdr:WA23660,bo-x-ewts,karma pa 08 mi bskyod rdo rje/,main author,yes
bdr:MW1KG12546,bdr:WA1KG12546,,,no creator on the work,no
bdr:MW23736,bdr:WA23736,,,no creator on the work,no
bdr:MW1CZ1095,bdr:WA1CZ1095,,,no creator on the work,no
bdr:MW23904,bdr:WA23904,,,no creator on the work,no
bdr:MW2KG5008,bdr:WA2KG5008,,,no creator on the work,no
bdr:MW4PD1382,bdr:WA4PD1382,,,no creator on the work,no
bdr:MW1KG22060,bdr:WA1KG22060,,,no creator on the work,no
bdr:MW23619,bdr:WA23619,,,no creator on the work,no
bdr:MW23158,bdr:WA23158,bo-x-ewts,rgyal dbang rin chen phun tshogs/,tertön,yes
bdr:MW00KG03672,bdr:WA00KG03672,,,no creator on the work,no
bdr:MW1KG12172,bdr:WA1KG12172,,,no creator on the work,no
bdr:MW21962,bdr:WA21962,,,no creator on the work,no
bdr:MW23833,bdr:WA23833,bo-x-ewts,rgyal dbang rin chen phun tshogs/,tertön,yes
bdr:MW1KG4277,bdr:WA1KG4277,,,no creator on the work,no
bdr:MW1KG21995,bdr:WA1KG21995,,,no creator on the work,no
bdr:MW21141,bdr:WA21141,,,no creator on the work,no
bdr:MW23652,bdr:WA23652,,,no creator on the work,no
bdr:MW23734,bdr:WA23734,,,no creator on the work,no
bdr:MW23767,bdr:WA23767,,,no creator on the work,no
bdr:MW2KG232484,bdr:WA2KG232484,,,no creator on the work,no
bdr:MW23922,bdr:WA23922,bo-x-ewts,'jam mgon kong sprul blo gros mtha' yas/,contributing author,yes
bdr:MW4CZ58783,bdr:WA4CZ58783,,,no creator on the work,no
bdr:MW8LS16295,bdr:WA8LS16295,,,no creator on the work,no
bdr:MW8LS32725,bdr:WA8LS32725,,,no creator on the work,no
bdr:MW23188,bdr:WA23188,,,no creator on the work,no
bdr:MW3CN2682,bdr:WA3CN2682,,,no creator on the work,no
bdr:MW3CN15304,bdr:WA3CN15304,,,no creator on the work,no
bdr:MW00KG09767,bdr:WA00KG09767,,,no creator on the work,no
bdr:MW1KG13838,bdr:WA1KG13838,,,no creator on the work,no
bdr:MW2CZ7972,bdr:WA2CZ7972,bo-x-ewts,zhwa dmar 02 mkha' spyod dbang po/,contributing author,yes
bdr:MW8LS32724,bdr:WA8LS32724,,,no creator on the work,no
bdr:MW19231,bdr:WA19231,,,no creator on the work,no
bdr:MW20905,bdr:WA20905,,,no creator on the work,no
bdr:MW19222,bdr:WA19222,,,no creator on the work,no
bdr:MW23861,bdr:WA23861,,,no creator on the work,no
bdr:MW30112,bdr:WA30112,,,no creator on the work,no
bdr:MW4CZ295072,bdr:WA4CZ57660,,,no creator on the work,no
bdr:MW2PD17544,bdr:WA2PD17544,,,no creator on the work,no
bdr:MW8LS32728,bdr:WA8LS32728,,,no creator on the work,no
bdr:MW1KG1286,bdr:WA1KG1286,,,no creator on the work,no
bdr:MW23708,bdr:WA23708,,,no creator on the work,no
bdr:MW1KG11958,bdr:WA1KG11958,,,no creator on the work,no
bdr:MW1KG22298,bdr:WA1KG22298,,,no creator on the work,no
bdr:MW3CN641,bdr:WA3CN641,,,no creator on the work,no
bdr:MW4CZ355766,bdr:WA4CZ355766,,,no creator on the work,no
bdr:MW1KG12969,bdr:WA1KG12969,,,no creator on the work,no
bdr:MW1KG5662,bdr:WA1KG5662,,,no creator on the work,no
bdr:MW1KG5663,bdr:WA1KG5663,,,no creator on the work,no
bdr:MW2PD19981,bdr:WA2PD19981,,,no creator on the work,no
bdr:MW00EGS1016759,bdr:WA00EGS1016759,,,no creator on the work,no
bdr:MW24025,bdr:WA24025,,,no creator on the work,no
bdr:MW4PD1390,bdr:WA4PD1390,,,no creator on the work,no
bdr:MW4CZ58846,bdr:WA4CZ58846,,,no creator on the work,no
bdr:MW1KG11865,bdr:WA1KG11865,,,no creator on the work,no
bdr:MW1KG17447,bdr:WA1KG17447,,,no creator on the work,no
bdr:MW8CZ105,bdr:WA8CZ105,,,no creator on the work,no
bdr:MW23685,bdr:WA23685,,,no creator on the work,no
bdr:MW23777,bdr:WA23777,,,no creator on the work,no
bdr:MW23658,bdr:WA23658,,,no creator on the work,no
bdr:MW1KG11881,bdr:WA1KG11881,,,no creator on the work,no
bdr:MW23437,bdr:WA23437,,,no creator on the work,no
bdr:MW24042,bdr:WA24042,,,no creator on the work,no
bdr:MW3CN5222,bdr:WA3CN5222,,,no creator on the work,no
bdr:MW1KG4231,bdr:WA1KG4231,,,no creator on the work,no
bdr:MW4CZ57651,bdr:WA4CZ57651,,,no creator on the work,no
bdr:MW3CN2456,bdr:WA3CN2456,,,no creator on the work,no
bdr:MW1KG3724,bdr:WA1KG3724,,,no creator on the work,no
bdr:MW1KG1751,bdr:WA1KG1751,,,no creator on the work,no
bdr:MW23916,bdr:WA23916,,,no creator on the work,no
bdr:MW3CN2837,bdr:WA3CN2837,,,no creator on the work,no
bdr:MW00EGS1016261,bdr:WA00EGS1016261,,,no creator on the work,no
bdr:MW8CZ102,bdr:WA8CZ102,,,no creator on the work,no
bdr:MW8LS17501,bdr:WA8LS17501,,,no creator on the work,no
bdr:MW2CZ8092,bdr:WA2CZ8092,,,no creator on the work,no
bdr:MW3CN9311,bdr:WA3CN9311,,,no creator on the work,no
bdr:MW1NLM5552,bdr:WA1NLM5552,,,no creator on the work,no
bdr:MW1NLM5555,bdr:WA1NLM5555,,,no creator on the work,no
bdr:MW1NLM5556,bdr:WA1NLM5556,,,no creator on the work,no
bdr:MW1NLM5557,bdr:WA1NLM5557,,,no creator on the work,no
bdr:MW1NLM5507,bdr:WA1NLM5507,,,no creator on the work,no
bdr:MW1NLM350,bdr:WA1NLM350,,,no creator on the work,no
bdr:MW1NLM5520,bdr:WA1NLM5520,,,no creator on the work,no
bdr:MW1NLM5537,bdr:WA1NLM5537,,,no creator on the work,no
bdr:MW1NLM5551,bdr:WA1NLM5551,,,no creator on the work,no
bdr:MW3CN21631,bdr:WA3CN21631,bo-x-ewts,rgyal tshab dar ma rin chen/ mkhas grub rje dge legs dpal bzang / tsong kha pa blo bzang grags pa/,main author,yes
bdr:MW3CN22977,bdr:WA3CN22977,bo-x-ewts,mkhas grub rje dge legs dpal bzang / rgyal tshab dar ma rin chen/ dge 'dun grub pa/ tsong kha pa blo bzang grags pa/,main author,yes
bdr:MW30172,bdr:WA30172,bo-x-ewts,shan+ti pa blo gros rgyal mtshan/,main author,yes
bdr:MW8LS75609,bdr:WA8LS75609,,,no creator on the work,no
bdr:MW1NLM5509,bdr:WA1NLM5509,,,no creator on the work,no
bdr:MW1NLM5516,bdr:WA1NLM5516,,,no creator on the work,no
bdr:MW29231,bdr:WA29231,,,no creator on the work,no
bdr:MW25577,bdr:WA25577,,,no creator on the work,no
bdr:MW1KG1645,bdr:WA1KG1645,,,no creator on the work,no
bdr:MW26459,bdr:WA26459,,,no creator on the work,no
bdr:MW1GS58283,bdr:WA1GS58283,,,no creator on the work,no
bdr:MW1KG5109,bdr:WA1KG5109,,,no creator on the work,no
bdr:MW1KG5132,bdr:WA1KG5132,,,no creator on the work,no
bdr:MW1KG5133,bdr:WA1KG5133,,,no creator on the work,no
bdr:MW8140,bdr:WA8140,bo-x-ewts,rong po grub chen 02 ngag dbang 'phrin las rgya mtsho/,main author,yes
bdr:MW1KG10037,bdr:WA1KG10037,bo-x-ewts,shel dkar bka' 'gyur bla ma ngag dbang blo bzang bstan 'dzin tshul khrims rgyal mtshan/,main author,yes
bdr:MW1PD53265,bdr:WA1PD53265,,,no creator on the work,no
bdr:MW1KG988,bdr:WA1KG988,,,no creator on the work,no
bdr:MW00EGS1016246,bdr:WA00EGS1016246,,,no creator on the work,no
bdr:MW00EGS1016248,bdr:WA00EGS1016248,,,no creator on the work,no
bdr:MW1KG1011,bdr:WA1KG1011,,,no creator on the work,no
bdr:MW29609,bdr:WA29609,,,no creator on the work,no
bdr:MW00EGS1016242,bdr:WA00EGS1016242,,,no creator on the work,no
bdr:MW1KG10780,bdr:WA1KG10780,,,no creator on the work,no
bdr:MW00KG04059,bdr:WA00KG04059,,,no creator on the work,no
bdr:MW1KG12783,bdr:WA1KG12783,,,no creator on the work,no
bdr:MW1KG14555,bdr:WA1KG14555,,,no creator on the work,no
bdr:MW1NLM1338,bdr:WA1NLM1338,,,no creator on the work,no
bdr:MW1NLM602,bdr:WA1NLM602,,,no creator on the work,no
bdr:MW22350,bdr:WA22350,,,no creator on the work,no
bdr:MW2KG209119,bdr:WA2KG209119,,,no creator on the work,no
bdr:MW1NLM1573,bdr:WA1NLM1573,,,no creator on the work,no
bdr:MW1NLM1625,bdr:WA1NLM1625,,,no creator on the work,no
bdr:MW1NLM2358,bdr:WA1NLM2358,,,no creator on the work,no
bdr:MW1NLM3977,bdr:WA1NLM3977,,,no creator on the work,no
bdr:MW1NLM5502,bdr:WA1NLM5502,,,no creator on the work,no
bdr:MW1NLM57,bdr:WA1NLM1316,,,no creator on the work,no
bdr:MW3CN26652,bdr:WA3CN26652,,,no creator on the work,no
bdr:MW4CZ369493,bdr:WA4CZ369493,,,no creator on the work,no
bdr:MW1NLM1235,bdr:WA1NLM1235,,,no creator on the work,no
bdr:MW1NLM1346,bdr:WA1NLM1346,,,no creator on the work,no
bdr:MW1NLM2451,bdr:WA1NLM2451,,,no creator on the work,no
bdr:MW1NLM2676,bdr:WA1NLM2676,,,no creator on the work,no
bdr:MW1NLM2682,bdr:WA1NLM2682,,,no creator on the work,no
bdr:MW1NLM3213,bdr:WA1NLM3213,,,no creator on the work,no
bdr:MW1NLM3630,bdr:WA1NLM3630,,,no creator on the work,no
bdr:MW1NLM3647,bdr:WA1NLM3647,,,no creator on the work,no
bdr:MW1NLM5504,bdr:WA1NLM5504,,,no creator on the work,no
bdr:MW1NLM5505,bdr:WA1NLM5505,,,no creator on the work,no
bdr:MW1NLM5515,bdr:WA1NLM5515,,,no creator on the work,no
bdr:MW1NLM5538,bdr:WA1NLM5538,,,no creator on the work,no
bdr:MW1NLM5545,bdr:WA1NLM5545,,,no creator on the work,no
bdr:MW1NLM566,bdr:WA1NLM566,,,no creator on the work,no
bdr:MW4CZ295770,bdr:WA4CZ295770,,,no creator on the work,no
bdr:MW1NLM2581,bdr:WA1NLM4736,,,no creator on the work,no
bdr:MW1KG12224,bdr:WA1KG12224,,,no creator on the work,no
bdr:MW4CZ321182,bdr:WA4CZ321182,,,no creator on the work,no
bdr:MW3CN26207,bdr:WA3CN26207,,,no creator on the work,no
bdr:MW30498,bdr:WA30498,,,no creator on the work,no
bdr:MW4CZ58532,bdr:WA4CZ58532,,,no creator on the work,no
bdr:MW4CZ58520,bdr:WA21872,,,no creator on the work,no
bdr:MW21872,bdr:WA21872,,,no creator on the work,no
bdr:MW3CN2688,bdr:WA3CN2688,,,no creator on the work,no
bdr:MW23469,bdr:WA23469,,,no creator on the work,no
bdr:MW23546,bdr:WA23546,bo-x-ewts,sprul sku blo ldan snying po/,tertön,yes
bdr:MW23545,bdr:WA23545,,,no creator on the work,no
bdr:MW23547,bdr:WA23547,,,no creator on the work,no
bdr:MW23434,bdr:WA8LS66424,,,no creator on the work,no
bdr:MW19674,bdr:WA19674,bo-x-ewts,rgyal rong pa rig pa rang shar/,tertön,yes
bdr:MW23550,bdr:WA23550,bo-x-ewts,bon zhig g.yung drung gling pa/,tertön,yes
bdr:MW8LS66718,bdr:WA8LS66718,,,no creator on the work,no
bdr:MW8LS67596,bdr:WA8LS67596,bo-x-ewts,ston pa gshen rab/,main author,yes
bdr:MW28802,bdr:WA28802,,,no creator on the work,no
bdr:MW00EGS1016835,bdr:WA00EGS1016835,,,no creator on the work,no
bdr:MW23506,bdr:WA23506,bo-x-ewts,nyag rong gter ston gsang sngags gling pa/,tertön,yes
bdr:MW2CZ7869,bdr:WA2CZ7869,,,no creator on the work,no
bdr:MW4CZ332266,bdr:WA4CZ332266,,,no creator on the work,no
bdr:MW4CZ332268,bdr:WA4CZ332268,,,no creator on the work,no
bdr:MW2KG209130,bdr:WA2KG209130,,,no creator on the work,no
bdr:MW4CZ354439,bdr:WA4CZ354439,,,no creator on the work,no
bdr:MW4CZ354442,bdr:WA4CZ354442,,,no creator on the work,no
bdr:MW4CZ355853,bdr:WA4CZ355853,,,no creator on the work,no
bdr:MW8LS18400,bdr:WA8LS18400,bo-x-ewts,mkha' 'gro bde chen dbang mo/,tertön,yes
bdr:MW1KG12385,bdr:WA1KG12385,bo-x-ewts,lo tsA ba dran pa nam mkha',attributed author,yes
bdr:MW3CN2507,bdr:WA3CN2507,,,no creator on the work,no
bdr:MW23506,bdr:WA23506,bo-x-ewts,nyag rong gter ston gsang sngags gling pa/,tertön,yes
bdr:MW23457,bdr:WA23457,bo-x-ewts,rig 'dzin kun grol grags pa/,tertön,yes
bdr:MW23459,bdr:WA23459,bo-x-ewts,spa tshang gter chen ye shes g.yung drung /,tertön,yes
bdr:MW23458,bdr:WA23458,bo-x-ewts,bde chen gling pa/,tertön,yes
bdr:MW3CN21413,bdr:WA3CN21413,bo-x-ewts,karma bsod nams seng+ge,tertön,yes
bdr:MW3CN4081,bdr:WA3CN4081,,,no creator on the work,no
bdr:MW3CN2546,bdr:WA3CN2546,,,no creator on the work,no
bdr:MW1KG14365,bdr:WA1KG14365,,,no creator on the work,no
bdr:MW1KG23023,bdr:WA1KG23023,,,no creator on the work,no
bdr:MW4CZ58738,bdr:WA00EGS1017325,,,no creator on the work,no
bdr:MW4CZ332376,bdr:WA4CZ332376,,,no creator on the work,no
bdr:MW8LS29398,bdr:WA8LS29398,,,no creator on the work,no
bdr:MW1CZ1098,bdr:WA1CZ1098,,,no creator on the work,no
bdr:MW1KG4267,bdr:WA1KG4267,,,no creator on the work,no
bdr:MW00KG0638,bdr:WA00KG0638,,,no creator on the work,no
bdr:MW3CN4080,bdr:WA3CN4080,,,no creator on the work,no
bdr:MW23911,bdr:WA23911,,,no creator on the work,no
bdr:MW4CZ355852,bdr:WA4CZ355852,,,no creator on the work,no
bdr:MW4CZ58528,bdr:WA4CZ58528,,,no creator on the work,no
bdr:MW00EGS1016278,bdr:WA00EGS1016278,,,no creator on the work,no
bdr:MW1KG15887,bdr:WA1KG15887,,,no creator on the work,no
bdr:MW1KG17585,bdr:WA1KG17585,bo-x-ewts,ma cig lab kyi sgron ma/,attributed author,yes
bdr:MW1KG22476,bdr:WA1KG22476,,,no creator on the work,no
bdr:MW1KG22486,bdr:WA1KG22486,,,no creator on the work,no
bdr:MW1KG23704,bdr:WA1KG23704,,,no creator on the work,no
bdr:MW1KG25228,bdr:WA1KG25228,,,no creator on the work,no
bdr:MW1NLM1697,bdr:WA1NLM1697,,,no creator on the work,no
bdr:MW1NLM1825,bdr:WA1NLM1825,,,no creator on the work,no
bdr:MW1NLM1873,bdr:WA1NLM1873,,,no creator on the work,no
bdr:MW1NLM1973,bdr:WA1NLM5035,,,no creator on the work,no
bdr:MW1NLM1997,bdr:WA1NLM1997,,,no creator on the work,no
bdr:MW1NLM21,bdr:WA1NLM21,,,no creator on the work,no
bdr:MW1NLM2566,bdr:WA1NLM2566,,,no creator on the work,no
bdr:MW1NLM2609,bdr:WA1NLM2609,,,no creator on the work,no
bdr:MW1NLM2680,bdr:WA1NLM2680,,,no creator on the work,no
bdr:MW1NLM3057,bdr:WA1NLM3057,,,no creator on the work,no
bdr:MW1NLM3262,bdr:WA1NLM3262,bo-x-ewts,dkon mchog rgyal mtshan/ ma cig lab kyi sgron ma/,main author,yes
bdr:MW1NLM3466,bdr:WA1NLM3466,,,no creator on the work,no
bdr:MW1NLM3530,bdr:WA1NLM3530,bo-x-ewts,gshongs chen pa bstan pa'i rgyal mtshan/,main author,yes
bdr:MW1NLM3976,bdr:WA1NLM3976,,,no creator on the work,no
bdr:MW3CN25705,bdr:WA3CN25705,,,no creator on the work,no
bdr:MW3CN2624,bdr:WA3CN2624,,,no creator on the work,no
bdr:MW4CZ294727,bdr:WA4CZ294727,,,no creator on the work,no
bdr:MW4PD1121,bdr:WA4PD1121,,,no creator on the work,no
bdr:MW8LS16250,bdr:WA8LS16250,,,no creator on the work,no
bdr:MW8LS18341,bdr:WA8LS18341,,,no creator on the work,no
bdr:MW8LS67516,bdr:WA8LS67516,bo-x-ewts,mkha' 'gro bde chen dbang mo/,tertön,yes
bdr:MW1NLM4154,bdr:WA1NLM4154,,,no creator on the work,no
bdr:MW1NLM4158,bdr:WA1NLM4158,,,no creator on the work,no
bdr:MW1NLM459,bdr:WA1NLM459,,,no creator on the work,no
bdr:MW3JT13604,bdr:WA3JT13604,,,no creator on the work,no
bdr:MW8LS16597,bdr:WA8LS16597,,,no creator on the work,no
bdr:MW8LS18311,bdr:WA8LS18311,,,no creator on the work,no
bdr:MW8LS31015,bdr:WA8LS31015,,,no creator on the work,no
bdr:MW8LS32702,bdr:WA8LS32702,,,no creator on the work,no
bdr:MW2PD20562,bdr:WA2PD20562,,,no creator on the work,no
bdr:MW2PD20785,bdr:WA2PD20785,,,no creator on the work,no
bdr:MW23756,bdr:WA23756,,,no creator on the work,no
bdr:MW23820,bdr:WA23820,bo-x-ewts,gnas mdo karma chags med/,contributing author,yes
bdr:MW1KG3709,bdr:WA1KG3709,bo-x-ewts,nyag rong gter ston gsang sngags gling pa/,tertön,yes
bdr:MW1KG10548,bdr:WA1KG10548,,,no creator on the work,no
bdr:MW3CN2908,bdr:WA3CN2908,,,no creator on the work,no
bdr:MW2PD17496,bdr:WA2PD17496,,,no creator on the work,no
bdr:MW1PD159424,bdr:WA1PD159424,,,no creator on the work,no
bdr:MW3CN7099,bdr:WA3CN7099,,,no creator on the work,no
bdr:MW3CN3393,bdr:WA3CN3393,,,no creator on the work,no
bdr:MW3CN25675,bdr:WA3CN25675,,,no creator on the work,no
bdr:MW8CZ111,bdr:WA8CZ111,,,no creator on the work,no
bdr:MW1KG5328,bdr:WA1KG5328,,,no creator on the work,no
bdr:MW3CN7481,bdr:WA3CN7481,,,no creator on the work,no
bdr:MW3CN7087,bdr:WA3CN7087,,,no creator on the work,no
bdr:MW20515,bdr:WA20515,,,no creator on the work,no
bdr:MW1KG10728,bdr:WA1KG10728,bo-x-ewts,dpang lo tsA ba blo gros brtan pa/,commentator,yes
bdr:MW29676,bdr:WA29676,,,no creator on the work,no
bdr:MW00KG03611,bdr:WA00KG03611,,,no creator on the work,no
bdr:MW3CN9999,bdr:WA3CN9999,,,no creator on the work,no
bdr:MW2DB4592,bdr:WA1KG16210,,,no creator on the work,no
bdr:MW3CN21710,bdr:WA3CN21710,,,no creator on the work,no
bdr:MW3CN697,bdr:WA3CN697,,,no creator on the work,no
bdr:MW8LS76163,bdr:WA8LS76163,,,no creator on the work,no
bdr:MW00KG04,bdr:WA00KG04,,,no creator on the work,no
bdr:MW1KG13814,bdr:WA1KG13814,,,no creator on the work,no
bdr:MW1KG18760,bdr:WA1KG18760,,,no creator on the work,no
bdr:MW1KG5369,bdr:WA1KG5369,,,no creator on the work,no
bdr:MW1PD53274,bdr:WA1PD53274,,,no creator on the work,no
bdr:MW21500,bdr:WA21500,,,no creator on the work,no
bdr:MW2KG761,bdr:WA2KG761,,,no creator on the work,no
bdr:MW2PD19887,bdr:WA2PD19887,,,no creator on the work,no
bdr:MW3CN5192,bdr:WA3CN5192,,,no creator on the work,no
bdr:MW3CN5195,bdr:WA3CN5195,,,no creator on the work,no
bdr:MW3CN5198,bdr:WA3CN5198,,,no creator on the work,no
bdr:MW3CN5207,bdr:WA3CN5207,,,no creator on the work,no
bdr:MW3CN5237,bdr:WA3CN5237,,,no creator on the work,no
bdr:MW3CN5261,bdr:WA3CN5261,,,no creator on the work,no
bdr:MW3CN5279,bdr:WA3CN5279,,,no creator on the work,no
bdr:MW3CN8018,bdr:WA3CN8018,,,no creator on the work,no
bdr:MW3CN8021,bdr:WA3CN8021,,,no creator on the work,no
bdr:MW4CZ368775,bdr:WA4CZ368775,,,no creator on the work,no
bdr:MW8LS18232,bdr:WA8LS18232,,,no creator on the work,no
bdr:MW8LS18238,bdr:WA8LS18238,,,no creator on the work,no
bdr:MW3CN541,bdr:WA3CN541,,,no creator on the work,no
bdr:MW1CZ2486,bdr:WA1CZ2486,,,no creator on the work,no
bdr:MW1CZ897,bdr:WA1CZ897,,,no creator on the work,no
bdr:MW8LS17664,bdr:WA8LS17664,,,no creator on the work,no
bdr:MW1PD181192,bdr:WA1PD181192,,,no creator on the work,no
bdr:MW3CN22325,bdr:WA17319,bo-x-ewts,yar rje o rgyan gling pa/,tertön,yes
bdr:MW3CN2591,bdr:WA3CN2591,,,no creator on the work,no
bdr:MW29203,bdr:WA29203,,,no creator on the work,no
bdr:MW4CZ48435,bdr:WA4CZ48435,,,no creator on the work,no
bdr:MW1KG17090,bdr:WA1KG17090,,,no creator on the work,no
bdr:MW1NLM3080,bdr:WA1NLM3080,,,no creator on the work,no
bdr:MW3CN22799,bdr:WA3CN22799,,,no creator on the work,no
bdr:MW3CN26463,bdr:WA3CN26463,,,no creator on the work,no
bdr:MW8LS15954,bdr:WA8LS15954,,,no creator on the work,no
bdr:MW1KG17091,bdr:WA1KG17091,,,no creator on the work,no
bdr:MW23934,bdr:WA23934,bo-x-ewts,myang nyi ma 'od zer/,tertön,yes
bdr:MW1KG5926,bdr:WA1KG5905,bo-x-ewts,dbang rgyal/ bsod nams skyid/,translator,yes
bdr:MW8LS41741,bdr:WA2KG207553,,,no creator on the work,no
bdr:MW3CN10668,bdr:WA3CN10668,,,no creator on the work,no
bdr:MW1KG24212,bdr:WA1KG24212,,,no creator on the work,no
bdr:MW1KG24110,bdr:WA1KG24110,,,no creator on the work,no
bdr:MW1KG26105,bdr:WA1KG26105,,,no creator on the work,no
bdr:MW1KG22124,bdr:WA1KG22124,,,no creator on the work,no
bdr:MW8LS41720,bdr:WA8LS41720,,,no creator on the work,no
bdr:MW1KG110450,bdr:WA1KG110450,,,no creator on the work,no
bdr:MW8LS41724,bdr:WA8LS41724,,,no creator on the work,no
bdr:MW1KG14802,bdr:WA1KG14802,,,no creator on the work,no
bdr:MW1KG4200,bdr:WA1KG4200,,,no creator on the work,no
bdr:MW25107,bdr:WA25107,,,no creator on the work,no
bdr:MW1KG13605,bdr:WA1KG13605,,,no creator on the work,no
bdr:MW1KG17093,bdr:WA1KG17093,,,no creator on the work,no
bdr:MW1KG17094,bdr:WA1KG17094,,,no creator on the work,no
bdr:MW1KG13440,bdr:WA1KG13440,,,no creator on the work,no
bdr:MW2KG230200,bdr:WA2KG230200,,,no creator on the work,no
bdr:MW1KG23268,bdr:WA1KG23268,,,no creator on the work,no
bdr:MW20835,bdr:WA20835,,,no creator on the work,no
bdr:MW3CN10551,bdr:WA3CN10551,,,no creator on the work,no
bdr:MW8LS19018,bdr:WA3CN26463,,,no creator on the work,no
bdr:MW00KG03798,bdr:WA00KG03798,,,no creator on the work,no
bdr:MW29679,bdr:WA29679,,,no creator on the work,no
bdr:MW3KG143,bdr:WA3KG143,,,no creator on the work,no
bdr:MW1CZ2543,bdr:WA1CZ2543,,,no creator on the work,no
bdr:MW00KG09761,bdr:WA00KG09761,bo-x-ewts,lha btsun sngon po/ khams sprul bstan 'dzin chos kyi nyi ma/ yol mo sprul sku 01 shAkya bzang po/,main author,yes
bdr:MW3CN561,bdr:WA3CN561,,,no creator on the work,no
bdr:MW2KG228736,bdr:WA2KG228736,,,no creator on the work,no
bdr:MW1KG4328,bdr:WA1KG4328,,,no creator on the work,no
bdr:MW1KG21011,bdr:WA1KG21011,,,no creator on the work,no
bdr:MW1KG4864,bdr:WA1KG4864,,,no creator on the work,no
bdr:MW3CN3037,bdr:WA3CN3037,,,no creator on the work,no
bdr:MW1KG1610,bdr:WA1KG1610,bo-x-ewts,sde srid sangs rgyas rgya mtsho/,contributing author,yes
bdr:MW8LS77119,bdr:WA8LS77119,,,no creator on the work,no
bdr:MW4CZ333424,bdr:WA4CZ333424,,,no creator on the work,no
bdr:MW4CZ7370,bdr:WA4CZ7370,,,no creator on the work,no
bdr:MW1KG22580,bdr:WA1KG22580,,,no creator on the work,no
bdr:MW1KG10093,bdr:WA1KG10093,bo-x-ewts,zhu chen tshul khrims rin chen/,main author,yes
bdr:MW1KG9772,bdr:WA1KG9771,,,no creator on the work,no
bdr:MW1KG14821,bdr:WA1KG14821,,,no creator on the work,no
bdr:MW1KG15233,bdr:WA1KG15233,,,no creator on the work,no
bdr:MW1KG25919,bdr:WA1KG25919,,,no creator on the work,no
bdr:MW1KG8537,bdr:WA1KG8537,,,no creator on the work,no
bdr:MW1NLM1716,bdr:WA1NLM1716,,,no creator on the work,no
bdr:MW2KG1679,bdr:WA2KG1679,,,no creator on the work,no
bdr:MW3CN1314,bdr:WA3CN1314,,,no creator on the work,no
bdr:MW3CN1328,bdr:WA3CN1328,,,no creator on the work,no
bdr:MW3CN1332,bdr:WA3CN1332,,,no creator on the work,no
bdr:MW3CN3089,bdr:WA3CN3089,,,no creator on the work,no
bdr:MW3CN7979,bdr:WA3CN7979,,,no creator on the work,no
bdr:MW4CZ332269,bdr:WA4CZ332269,,,no creator on the work,no
bdr:MW8LS20918,bdr:WA8LS20918,,,no creator on the work,no
bdr:MW8LS32647,bdr:WA8LS32647,,,no creator on the work,no
bdr:MW1KG4769,bdr:WA1KG4769,,,no creator on the work,no
bdr:MW21606,bdr:WA21606,,,no creator on the work,no
bdr:MW3CN26467,bdr:WA3CN26467,,,no creator on the work,no
bdr:MW2DB4583,bdr:WA2DB4583,,,no creator on the work,no
bdr:MW1KG14982,bdr:WA1KG14982,,,no creator on the work,no
bdr:MW1KG13833,bdr:WA1KG13833,,,no creator on the work,no
bdr:MW1NLM786,bdr:WA1NLM786,,,no creator on the work,no
bdr:MW1AC348,bdr:WA1AC348,,,no creator on the work,no
bdr:MW1KG6159,bdr:WA1KG6159,,,no creator on the work,no
bdr:MW3KG174,bdr:WA3KG174,,,no creator on the work,no
bdr:MW4CZ302239,bdr:WA4CZ302239,,,no creator on the work,no
bdr:MW4CZ355876,bdr:WA4CZ355876,,,no creator on the work,no
